integrity,seed,theta_coherence,gamma_coherence,pac_mi_hpc,pac_mi_hpc_to_pfc,gamma_peak_hz
1.0,0,0.7031643888713792,0.5274196189689517,0.014581825193678706,0.021455829186204943,35.15625
1.0,1,0.8527878317639606,0.6735329699076179,0.0173146574872246,0.03076569647444586,27.34375
1.0,2,0.7939664632208638,0.6771521296590441,0.018847629874711863,0.029105891542592518,33.203125
0.9,0,0.6579040499431486,0.5368529260834152,0.010153070376885318,0.02238506872939432,35.15625
0.9,1,0.789772760213528,0.6274843743087906,0.013351736282457241,0.02917699800899955,37.109375
0.9,2,0.8408104844801922,0.665633916989231,0.01513506115561971,0.031474037095958085,33.203125
0.8,0,0.5727859250456635,0.4292953718693199,0.009977787763947225,0.020555167175343732,35.15625
0.8,1,0.679369213572129,0.55192710905755,0.011938002336486155,0.027272911400408585,37.109375
0.8,2,0.8572001761255159,0.6277646229706466,0.010944766865131338,0.03218381119368942,35.15625
0.7,0,0.6741319464217101,0.4645816611102028,0.01010230711143919,0.02209316062923179,37.109375
0.7,1,0.767040101707714,0.5929493166804743,0.012941252051884492,0.03542097017780777,37.109375
0.7,2,0.6799477092864785,0.5647753036046492,0.009408534104111695,0.026749271190985198,35.15625
0.6,0,0.6956486459690939,0.5616225471175647,0.00868903653159941,0.02872122297394712,29.296875
0.6,1,0.5716224731023064,0.4988189167418929,0.013006540326153436,0.029340490205425538,37.109375
0.6,2,0.7089898605879033,0.5217094408039797,0.009611978387611249,0.030530179660829045,35.15625
0.5,0,0.5762515135715653,0.4186551520700768,0.009275124649947819,0.021140628581782984,37.109375
0.5,1,0.6319027010816383,0.44338045779568164,0.013940782625012645,0.033105155111686796,37.109375
0.5,2,0.6966714525499904,0.4752940308199525,0.009774042883414994,0.028269047827073228,35.15625
0.4,0,0.4610892629145916,0.28234956851926396,0.010161565751110446,0.016773692952480462,29.296875
0.4,1,0.5262643123700654,0.3857868585365911,0.011474736754065452,0.02017207740866322,37.109375
0.4,2,0.679395688995102,0.47718217977271776,0.01038625008071547,0.027129248008545017,35.15625
0.3,0,0.43397329801176077,0.28585908802499094,0.010225257100913196,0.014393052455963132,37.109375
0.3,1,0.46600814646147193,0.3164327849860763,0.01432516119484939,0.020285178002271042,29.296875
0.3,2,0.4663355072374136,0.35540784365126266,0.01053470439424823,0.017726400919817868,35.15625
0.2,0,0.2554937032072836,0.15237965590095784,0.010020615360551073,0.0020433565036970737,37.109375
0.2,1,0.2888695950258846,0.17467787056608639,0.01615530307202234,0.003267411277389108,29.296875
0.2,2,0.40531644667954553,0.26406952448467136,0.010689618814740948,0.012815902306344077,35.15625
